"n_strata","nrow_sample","survey_time","srvyr_time"
2,47908,0.382999999999996,1.27300000000001
3,50866,0.435999999999993,1.407
5,134585,1.503,5.62299999999999
10,321807,3.846,14.796
15,841160,9.929,41.98
20,1960289,23.637,122.064
