"n_strata","nrow_sample","survey_time","srvyr_time"
2,11849,0.10399999999936,0.818000000000211
3,58968,0.703999999999724,3.80299999999988
5,1102863,13.2250000000004,53.357
10,1269707,13.835,73.991
15,1658384,20.5529999999999,92.7719999999999
20,2227219,31.7160000000003,193.541
